,title,company,location,salary
0,Software Engineer II,Uber,"Bengaluru, Karnataka",Not Specified
1,Software Engineer,AxCrypt AB,"Bengaluru, Karnataka","₹25,000 - ₹60,000 a month"
2,Project Manager- Web/Software Development,Spiralyze,"Bengaluru, Karnataka•Remote","₹30,000 - ₹80,000 a month"
3,Opportunity for Backend Developer,All Blue Infotech,"Bengaluru, Karnataka","₹30,00,000 - ₹80,00,000 a year"
4,"newCloud Support Engineer, Trilogy (Remote) - $60,000/year USD",Crossover,"Bengaluru, Karnataka•Remote","₹3,50,000 a month"
5,newAssociate Software Engineer,Tecqubes Technologies,"Bengaluru, Karnataka•Temporarily Remote","₹30,000 - ₹40,000 a month"
6,newTrainee Software Engineer - Freshers Graduates,QuEST Global,"Bengaluru, Karnataka•Temporarily Remote","₹3,00,000 a year"
7,newAssociate Software Engineer,Conga,"Bengaluru, Karnataka•Remote",Not Specified
8,newSoftware Engineer,Wells Fargo,"Bengaluru, Karnataka",Not Specified
9,newSoftware Engineer | Full Stack,Tandemloop Technologies Private Limited,"Bengaluru, Karnataka•Temporarily Remote","₹15,000 - ₹18,000 a month"
10,Software Engineer,Mobiveil Technologies India Private Limited,"Bengaluru, Karnataka•Temporarily Remote","₹12,00,000 - ₹18,00,000 a year"
11,newAssociate Software Engineer,Resilience infotech,"Bengaluru, Karnataka","₹17,000 - ₹20,000 a month"
12,newJunior Software Engineer,Ataritech Effective Industrial Solutions (OPC) Pvt...,"Bengaluru, Karnataka","₹15,000 - ₹22,000 a month"
13,newLVZ- Software Development Engineer 2 / Software Development...,Amadeus,"Bengaluru, Karnataka",Not Specified
14,Associate Professional Software Engineer (51007431),DXC Technology,"Bengaluru, Karnataka",Not Specified
15,newJunior Software Engineer,Ataritech Effective Industrial Solutions (OPC) Pvt...,"Bengaluru, Karnataka","₹15,000 - ₹22,000 a month"
16,newLVZ- Software Development Engineer 2 / Software Development...,Amadeus,"Bengaluru, Karnataka",Not Specified
17,Associate Professional Software Engineer (51007431),DXC Technology,"Bengaluru, Karnataka",Not Specified
18,newSoftware Engineer I,Cerner Corporation,"Bengaluru, Karnataka",Not Specified
19,newSoftware Engineer,Edcite Learning Private Limited,"Bengaluru, Karnataka","₹25,000 a month"
20,newSoftware Engineer,NatWest Group,"Bengaluru, Karnataka",Not Specified
21,newSoftware Testing Engineer,Infolink Technologies Pvt.Ltd,"Bengaluru, Karnataka","₹15,505 - ₹25,006 a month"
22,Jr Software Engineer,Visteon Corporation,"Bengaluru, Karnataka",Not Specified
23,Software Engineer,KANTAR,"Bengaluru, Karnataka",Not Specified
24,Associate Software Engineer,GLIDER.ai,"Bengaluru, Karnataka•Temporarily Remote","₹6,00,000 a year"
25,Sr. Software Engineer,Tech mahindra,"Bengaluru, Karnataka",Not Specified
26,newEngineer - Software,SLK Software,"Bengaluru, Karnataka",Not Specified
27,newConverter Control Software Engineer,Siemens Gamesa Renewable Energy,"Bengaluru, Karnataka",Not Specified
28,newSoftware Engineer Intern,Analog Devices,"Bengaluru, Karnataka",Not Specified
29,Software Engineer,Capgemini,"Bengaluru, Karnataka",Not Specified
30,newWindows Software Engineer,Intel,"Bengaluru, Karnataka",Not Specified
31,newIT software development Engineer,Intel,"Bengaluru, Karnataka",Not Specified
32,newSoftware Engineer.,McAfee Enterprise,"Bengaluru, Karnataka",Not Specified
33,Software Engineer 2,IQVIA,"Bengaluru, Karnataka",Not Specified
34,newEngineer - Software,SLK Software,"Bengaluru, Karnataka",Not Specified
35,newSoftware Development Engineer - L2,Amadeus,"Bengaluru, Karnataka",Not Specified
36,newAssociate Software Developer,Noesys Software Pvt. Ltd,"Bengaluru, Karnataka",Not Specified
37,newSoftware Engineer (Front End),Microsoft,"Bengaluru, Karnataka",Not Specified
38,Software Engineer - HANA/BW,Shell,"Bengaluru, Karnataka",Not Specified
39,newSoftware Engineer,Mavenir,"Bengaluru, Karnataka",Not Specified
40,Software Engineer,KANTAR,"Bengaluru, Karnataka",Not Specified
41,newSoftware Test Engineer,Siemens,"Bengaluru, Karnataka",Not Specified
42,newSoftware Support and Test Engineer,FameLogic,"Bengaluru, Karnataka","₹1,20,000 - ₹1,50,000 a year"
43,SDET- Software Development Engineer in Test,Recrosoft Technologies,"Bengaluru, Karnataka•Remote","₹30,00,000 a year"
44,Software Engineer,IRIX Technologies,"Bengaluru, Karnataka","₹1,80,000 - ₹2,00,000 a year"
45,Software Engineer,PhonePe,"Bengaluru, Karnataka",Not Specified
46,Trainee Engineer- SQL/Java,Semperfi Solution,"Bengaluru, Karnataka•Temporarily Remote","₹8,086 - ₹29,418 a month"
47,newAssociate Software Engineer,Eurofins India IT Solutions,"Bengaluru, Karnataka",Not Specified
48,Software Developer,Mobil80 Solutions & Services Pvt. Ltd,"Bengaluru, Karnataka","₹10,000 a month"
49,Senior Software Engineer,Infyni,"Bengaluru, Karnataka•Temporarily Remote","₹12,00,000 - ₹22,00,000 a year"
50,ASSOCIATE SOFTWARE ENGINEER,Hinduja Global Solutions,"Bengaluru, Karnataka","₹4,00,000 a year"
51,Software Engineer Intern,Soft Designers,"Bengaluru, Karnataka","₹7,000 - ₹9,000 a month"
52,newSenior Software Engineer - C++,Amadeus,"Bengaluru, Karnataka",Not Specified
53,Software Engineer,Tech mahindra,"Bengaluru, Karnataka",Not Specified
54,newSoftware Support and Test Engineer,FameLogic,"Bengaluru, Karnataka","₹1,20,000 - ₹1,50,000 a year"
55,Cloud Engineer Trainee (R-10227),Rackspace,"Bengaluru, Karnataka",Not Specified
56,Professional 1 Software Engineer (51005820),DXC Technology,"Bengaluru, Karnataka",Not Specified
57,Software Development Engineer I - Externalization,Flipkart,"Bengaluru, Karnataka",Not Specified
58,newSoftware Engineer,Maersk,"Bengaluru, Karnataka",Not Specified
59,Software Engineer Trainee,ALSTOM,"Bengaluru, Karnataka",Not Specified
